Phase,Module,Status
Phase 6: Financial & Library Management,Online Payment Gateway Integration,Complete
Phase 6: Financial & Library Management,Parent Portal Payment Interface,Complete
Phase 6: Financial & Library Management,Late Fee Calculation,Complete
Phase 6: Financial & Library Management,Fee Discounts and Waivers,Complete
Phase 6: Financial & Library Management,Transaction Reconciliation,Complete
Phase 6: Financial & Library Management,Fee Collection Reports,Complete
Phase 6: Financial & Library Management,Outstanding Fees Report,Complete
Phase 6: Financial & Library Management,Daily Collection Report,Complete
Phase 6: Financial & Library Management,Class-wise Collection Report,Complete
Phase 6: Financial & Library Management,Fee Type-wise Report,Complete
Phase 6: Financial & Library Management,Export to Excel and PDF,Complete
Phase 6: Financial & Library Management,Financial Analytics Dashboard,Complete
Phase 6: Financial & Library Management,Book Categories Management,Complete
Phase 6: Financial & Library Management,Book Inventory System,Complete
Phase 6: Financial & Library Management,Book Issue Interface,Complete
Phase 6: Financial & Library Management,Book Return Interface,Complete
Phase 6: Financial & Library Management,Library Fine Calculation,Complete
Phase 6: Financial & Library Management,Library Settings,Complete
Phase 6: Financial & Library Management,Library Reports,Complete
Phase 6: Financial & Library Management,Student Portal Library Access,Complete
Phase 7: Additional Modules,Vehicle Management,Pending
Phase 7: Additional Modules,Route Configuration,Pending
Phase 7: Additional Modules,Driver Details,Pending
Phase 7: Additional Modules,Student-Route Assignment,Pending
Phase 7: Additional Modules,Transport Fee Integration,Pending
Phase 7: Additional Modules,SMS Integration,Pending
Phase 7: Additional Modules,Parent-Teacher Messaging,Pending
Phase 7: Additional Modules,Bulk Messaging,Pending
Phase 7: Additional Modules,Staff Leave Applications,Pending
Phase 7: Additional Modules,Leave Approval Workflow,Pending
Phase 7: Additional Modules,Leave Balance Tracking,Pending
Phase 7: Additional Modules,Leave Reports,Pending
Phase 8: School Website & Final Integration,Public School Website,Pending
Phase 8: School Website & Final Integration,About School Section,Pending
Phase 8: School Website & Final Integration,Facilities Showcase,Pending
Phase 8: School Website & Final Integration,Contact Information Page,Pending
Phase 8: School Website & Final Integration,News and Announcements,Pending
Phase 8: School Website & Final Integration,Photo Gallery,Pending
Phase 8: School Website & Final Integration,Custom Report Builder,Pending
Phase 8: School Website & Final Integration,Performance Optimization,Pending
Phase 8: School Website & Final Integration,Security Hardening,Pending
Phase 8: School Website & Final Integration,Production Deployment,Pending
Phase 8: School Website & Final Integration,SSL Certificate Setup,Pending
