PHASE,PHASE STATUS,MODULE,MODULE STATUS
Phase 1: Project Setup & Foundation,Completed,Laravel 12 Project Setup,Completed
Phase 1: Project Setup & Foundation,Completed,MySQL Database Configuration,Completed
Phase 1: Project Setup & Foundation,Completed,Essential Packages Installation,Completed
Phase 1: Project Setup & Foundation,Completed,Cuba Admin Template Integration,Completed
Phase 1: Project Setup & Foundation,Completed,Base Layouts and Components,Completed
Phase 1: Project Setup & Foundation,Completed,Routes Configuration,Completed
Phase 1: Project Setup & Foundation,Completed,Initial Dashboard,Completed
Phase 2: Authentication & Core Database,Completed,Login and Logout System,Completed
Phase 2: Authentication & Core Database,Completed,User Registration,Completed
Phase 2: Authentication & Core Database,Completed,Password Reset via Email,Completed
Phase 2: Authentication & Core Database,Completed,8 User Roles with Permissions,Completed
Phase 2: Authentication & Core Database,Completed,User Management CRUD,Completed
Phase 2: Authentication & Core Database,Completed,Student Management Foundation,Completed
Phase 2: Authentication & Core Database,Completed,Database Schema and Models,Completed
Phase 3: Core Academic Modules,Completed,Academic Year Management,Completed
Phase 3: Core Academic Modules,Completed,Class Management,Completed
Phase 3: Core Academic Modules,Completed,Section Management,Completed
Phase 3: Core Academic Modules,Completed,Subject Management,Completed
Phase 3: Core Academic Modules,Completed,Staff Registration and Profiles,Completed
Phase 3: Core Academic Modules,Completed,Department Management,Completed
Phase 3: Core Academic Modules,Completed,Designation Management,Completed
Phase 3: Core Academic Modules,Completed,Student Attendance Marking,Completed
Phase 3: Core Academic Modules,Completed,Staff Attendance Tracking,Completed
Phase 3: Core Academic Modules,Completed,Attendance Reports,Completed
Phase 3: Core Academic Modules,Completed,Fee Types Configuration,Completed
Phase 3: Core Academic Modules,Completed,Fee Groups Management,Completed
Phase 3: Core Academic Modules,Completed,Fee Structure Setup,Completed
Phase 3: Core Academic Modules,Completed,Fee Collection,Completed
Phase 3: Core Academic Modules,Completed,Receipt Generation,Completed
Phase 4: Student Portal & Communication,Completed,Student Portal Dashboard,Completed
Phase 4: Student Portal & Communication,Completed,Parent Portal Access,Completed
Phase 4: Student Portal & Communication,Completed,View Profile and Academic Details,Completed
Phase 4: Student Portal & Communication,Completed,View Attendance Records,Completed
Phase 4: Student Portal & Communication,Completed,View Fee Payment History,Completed
Phase 4: Student Portal & Communication,Completed,Download Receipts,Completed
Phase 4: Student Portal & Communication,Completed,View Timetable,Completed
Phase 4: Student Portal & Communication,Completed,Notice Board System,Completed
Phase 4: Student Portal & Communication,Completed,Email Notifications,Completed
Phase 4: Student Portal & Communication,Completed,Event Calendar,Completed
Phase 4: Student Portal & Communication,Completed,Photo Gallery,Completed
Phase 4: Student Portal & Communication,Completed,Leave Application Submission,Completed
Phase 4: Student Portal & Communication,Completed,Contact School Feature,Completed
Phase 5: Advanced Academic Features,Completed,Exam Schedule Creation,Completed
Phase 5: Advanced Academic Features,Completed,Marks Entry Interface,Completed
Phase 5: Advanced Academic Features,Completed,Grade Calculation,Completed
Phase 5: Advanced Academic Features,Completed,Report Card Generation,Completed
Phase 5: Advanced Academic Features,Completed,Result Publication to Portal,Completed
Phase 5: Advanced Academic Features,Completed,Rank Calculation,Completed
Phase 5: Advanced Academic Features,Completed,Homework Creation and Assignment,Completed
Phase 5: Advanced Academic Features,Completed,Homework Submission by Students,Completed
Phase 5: Advanced Academic Features,Completed,Student Promotion System,Completed
Phase 5: Advanced Academic Features,Completed,Promotion Rules Setup,Completed
Phase 5: Advanced Academic Features,Completed,Section Transfer,Completed
Phase 5: Advanced Academic Features,Completed,Alumni Marking,Completed
Phase 5: Advanced Academic Features,Completed,Promotion Rollback,Completed
Phase 5: Advanced Academic Features,Completed,Advanced Timetable,Completed
Phase 5: Advanced Academic Features,Completed,Teacher Assignment,Completed
Phase 5: Advanced Academic Features,Completed,Conflict Detection,Completed
Phase 5: Advanced Academic Features,Completed,Printable Timetables,Completed
Phase 6: Financial & Library Management,Completed,Online Payment Gateway,Completed
Phase 6: Financial & Library Management,Completed,Parent Portal Payment Interface,Completed
Phase 6: Financial & Library Management,Completed,Late Fee Calculation,Completed
Phase 6: Financial & Library Management,Completed,Fee Discounts and Waivers,Completed
Phase 6: Financial & Library Management,Completed,Transaction Reconciliation,Completed
Phase 6: Financial & Library Management,Completed,Fee Collection Reports,Completed
Phase 6: Financial & Library Management,Completed,Outstanding Fees Report,Completed
Phase 6: Financial & Library Management,Completed,Daily Collection Report,Completed
Phase 6: Financial & Library Management,Completed,Class-wise Collection Report,Completed
Phase 6: Financial & Library Management,Completed,Fee Type-wise Report,Completed
Phase 6: Financial & Library Management,Completed,Export to Excel and PDF,Completed
Phase 6: Financial & Library Management,Completed,Financial Analytics Dashboard,Completed
Phase 6: Financial & Library Management,Completed,Book Categories Management,Completed
Phase 6: Financial & Library Management,Completed,Book Inventory System,Completed
Phase 6: Financial & Library Management,Completed,Book Issue Interface,Completed
Phase 6: Financial & Library Management,Completed,Book Return Interface,Completed
Phase 6: Financial & Library Management,Completed,Library Fine Calculation,Completed
Phase 6: Financial & Library Management,Completed,Library Settings,Completed
Phase 6: Financial & Library Management,Completed,Library Reports,Completed
Phase 6: Financial & Library Management,Completed,Student Portal Library Access,Completed
Phase 7: Additional Modules,Remaining,Vehicle Management,Remaining
Phase 7: Additional Modules,Remaining,Route Configuration,Remaining
Phase 7: Additional Modules,Remaining,Driver Details,Remaining
Phase 7: Additional Modules,Remaining,Student-Route Assignment,Remaining
Phase 7: Additional Modules,Remaining,Transport Fee Integration,Remaining
Phase 7: Additional Modules,Remaining,SMS Integration,Remaining
Phase 7: Additional Modules,Remaining,Parent-Teacher Messaging,Remaining
Phase 7: Additional Modules,Remaining,Bulk Messaging,Remaining
Phase 7: Additional Modules,Remaining,Staff Leave Applications,Remaining
Phase 7: Additional Modules,Remaining,Leave Approval Workflow,Remaining
Phase 7: Additional Modules,Remaining,Leave Balance Tracking,Remaining
Phase 7: Additional Modules,Remaining,Leave Reports,Remaining
Phase 8: School Website & Final Integration,Remaining,Public School Website,Remaining
Phase 8: School Website & Final Integration,Remaining,About School Section,Remaining
Phase 8: School Website & Final Integration,Remaining,Facilities Showcase,Remaining
Phase 8: School Website & Final Integration,Remaining,Contact Information Page,Remaining
Phase 8: School Website & Final Integration,Remaining,News and Announcements,Remaining
Phase 8: School Website & Final Integration,Remaining,Photo Gallery,Remaining
Phase 8: School Website & Final Integration,Remaining,Custom Report Builder,Remaining
Phase 8: School Website & Final Integration,Remaining,Performance Optimization,Remaining
Phase 8: School Website & Final Integration,Remaining,Security Hardening,Remaining
Phase 8: School Website & Final Integration,Remaining,Production Deployment,Remaining
Phase 8: School Website & Final Integration,Remaining,SSL Certificate Setup,Remaining
